id_flux;id_periode;id_type_flux;id_fixes;id_categorie;date_flux;montant;tags;description
1;1;2;2;102;2024-09-02;350.00000;#Epargne;Epargne août et réserve
2;1;2;2;89;2024-09-02;9.00000;#Soirée;Soirée inté ENSIMAG
3;1;1;1;98;2024-09-02;1329.00000;#Salaire;Salaire août
4;1;2;1;77;2024-09-02;390.00000;#Loyer;Loyer septembre 2024
6;1;2;2;87;2024-09-03;16.00000;#Cheese #Naan;Cheese Naan après soirée
7;1;2;1;60;2024-09-03;13.49000;#Netflix;Netflix septembre
8;1;1;1;85;2024-09-04;100.00000;#Mobili-Jeune;Mobili-Jeune septembre 2024
9;1;2;2;88;2024-09-02;20.00000;#elior;Cantine Elior
10;1;2;1;66;2024-09-05;77.59000;#macif;Assurance Flash et logement
11;1;1;1;83;2024-09-05;309.63000;#caf;APL et prime
12;1;2;2;47;2024-09-06;12.00000;#coiffure;Coiffure rentrée
13;1;2;2;69;2024-09-06;11.90000;#autoroute;Autoroute direction Valserhône
14;1;2;2;88;2024-09-06;20.00000;#elior;Cantine Elior
15;1;2;2;94;2024-09-07;11.72000;#action;Multiprises et support
16;1;2;2;65;2024-09-07;14.19000;#huile;Huile moteur pour Simba
17;1;2;2;28;2024-09-07;1.59000;#chips;Chips chèvre
18;1;2;2;23;2024-09-07;6.59000;#sucrerie;Nutella
19;1;2;2;51;2024-09-07;1.55000;#deodorant;Deo toilettes
20;1;2;2;52;2024-09-07;12.10000;#creme;Crème petit Marseillais à rembourser
5;1;2;3;107;2024-09-03;103.00000;#Ecole;CVEC pour IUT
21;1;2;2;64;2024-09-08;62.99000;#gazole;Gazole pour Flash
22;2;2;2;20;2024-09-09;1.11000;#fruits;courses pour famille et moi
23;2;2;2;19;2024-09-09;0.83000;#légumes;courses pour famille et moi
24;2;2;2;17;2024-09-09;6.99000;#cordon-bleu;courses pour famille et moi
25;2;2;2;19;2024-09-09;0.99000;#salade #carottes;courses pour famille et moi
26;2;2;2;19;2024-09-09;0.99000;#tomates #cerises;courses pour famille et moi
27;2;2;2;25;2024-09-09;2.29000;#yaourts;courses pour famille et moi
28;2;2;2;18;2024-09-09;1.98000;#rapé;courses pour famille et moi
29;2;2;2;21;2024-09-09;2.98000;#ketchup;courses pour famille et moi
30;2;2;2;18;2024-09-09;2.04000;#cheddar;courses pour famille et moi
31;2;2;2;18;2024-09-09;1.65000;#parmesan;courses pour famille et moi
32;2;2;2;21;2024-09-09;2.39000;#samourai;courses pour famille et moi
33;2;2;2;27;2024-09-09;0.85000;#ail;courses pour famille et moi
34;2;2;2;21;2024-09-09;1.04000;#tomates #sauces;courses pour famille et moi
35;2;2;2;28;2024-09-09;1.31000;#chips;courses pour famille et moi
36;2;2;2;28;2024-09-09;1.55000;#chips;courses pour famille et moi
37;2;2;2;24;2024-09-09;1.19000;#pain-au-lait;courses pour famille et moi
38;2;2;2;23;2024-09-09;1.39000;#donuts;courses pour famille et moi
39;2;2;2;19;2024-09-09;2.79000;#tomates-boeuf;courses pour famille et moi
40;2;2;2;17;2024-09-09;2.48000;#oeufs;courses pour famille et moi
41;2;2;2;23;2024-09-09;1.16000;#chewing-gum;courses pour famille et moi
42;2;2;2;23;2024-09-09;2.50000;#biscuits;courses pour famille et moi
43;2;2;2;93;2024-09-10;2.20000;#pain;Pain Marie Blachère
44;2;2;1;66;2024-09-11;54.37000;#simba;Assurance Simba septembre 2024
46;2;2;2;88;2024-09-11;10.00000;#crous;Cantine crous
47;2;2;2;87;2024-09-13;11.75000;#mcdo;McDo fin de semaine
45;2;1;3;52;2024-09-07;12.10000;#remboursement;Remboursement crème Marseille
48;2;2;2;26;2024-09-17;3.90000;#ravioli;Mini Courses
49;2;2;2;18;2024-09-17;1.98000;#cheddar;Mini Courses
50;2;2;2;25;2024-09-17;2.15000;#liegois;Mini Courses
51;2;2;2;31;2024-09-19;1.50000;#oasis;Oasis à Tetras
52;2;2;2;64;2024-09-19;65.00000;#gazole;Gazole fin Tetras septembre
53;2;2;1;97;2024-09-20;129.43000;#emprunt;Emprunt bancaire
54;2;2;2;87;2024-09-20;16.40000;#bk;Burger King en groupe
55;2;2;2;112;2024-09-21;23.49000;#cadeau;Cadeau Polo Guillaume
56;2;2;2;69;2024-09-21;11.90000;#autoroute;Autoroute direction SMH
57;2;2;2;18;2024-09-21;3.35000;courses;Courses entreprise : fromages
58;2;2;2;25;2024-09-21;3.99000;courses;Courses entreprise : yaourts
59;2;2;2;24;2024-09-21;2.09000;courses;Courses entreprise : pain au chocolat
60;2;2;2;26;2024-09-21;1.85000;courses;Courses entreprise : gnocchi
61;2;2;2;20;2024-09-21;1.51000;courses;Courses entreprise : pommes
62;2;2;2;31;2024-09-21;1.55000;courses;Courses entreprise : jus de pommes
63;2;2;2;31;2024-09-21;2.45000;courses;Courses entreprise : pulco
64;1;2;2;47;2024-09-24;12.00000;#coiffeur;Coiffeur
65;1;2;2;23;2024-09-24;5.79000;#nutella;Course entreprises
66;1;2;2;21;2024-09-24;3.12000;#tomates #cuisine;Course entreprises : 3 x tomates cuisines
67;1;2;2;18;2024-09-24;1.85000;#chevre;Course entreprises
68;1;2;2;17;2024-09-24;7.98000;#steak #poulet;Course entreprises
69;1;2;2;18;2024-09-24;1.69000;#feuilletes #emmental;Course entreprises
70;1;2;2;18;2024-09-24;1.98000;#trois fromages;Course entreprises
71;1;2;2;18;2024-09-24;1.65000;#parmesan;Course entreprises
72;1;2;2;19;2024-09-24;2.99000;#poelle #legumes;Course entreprises
73;1;2;2;19;2024-09-24;1.62000;#epinards #legumes;Course entreprises
74;1;2;2;17;2024-09-24;6.39000;#merguez #viandes;Course entreprises
75;1;2;2;19;2024-09-24;1.65000;#champignons #legumes;Course entreprises
76;1;2;2;24;2024-09-24;1.69000;#pain #mie;Course entreprises
78;1;2;2;21;2024-09-25;2.29000;#samourai;Mini courses
79;1;2;2;18;2024-09-25;1.79000;#burger;Mini courses
77;1;2;2;24;2024-09-25;2.45000;#pain;Mini courses
80;2;2;1;110;2024-09-10;10.00000;#don;Don Croix Rouge septembre 2024
82;1;2;2;87;2024-09-27;29.20000;#kfc;KFC avec Nils et Rémy
81;1;2;2;40;2024-09-27;1.98000;#bricolage #bijou;Bricolage bijou
83;1;1;3;98;2024-10-01;1545.00000;#solde;Solde tout compte contrat Ensimag
84;1;1;1;98;2024-10-01;1699.90000;#salaire;Salaire Septembre 2024
85;1;2;3;102;2024-10-01;1545.00000;#solde;Mis en epargne du solde fin ENSIMAG
87;1;2;1;102;2024-10-01;350.00000;#epargne;Epargne début Octobre
88;1;2;1;77;2024-10-01;390.00000;#loyer;Loyer octobre 2024
86;1;2;2;102;2024-09-30;200.00000;#epargne;Reste du mois de septembre
89;1;2;1;111;2024-10-01;200.00000;#cadeau #famille;Cadeau pour maman et papa
90;1;2;2;69;2024-10-02;12.20000;#autoroute;Autoroute aller Annecy pour Hopital
91;1;2;2;76;2024-10-02;2.60000;#parking;Parking Hopital
94;1;2;2;34;2024-10-02;50.24000;#suits;Suits pour le mariage de Julien
95;1;2;2;18;2024-10-02;4.34000;#fromages;Mini courses : Tartare chève pour chapatti
96;1;2;2;24;2024-10-02;2.39000;#parotta;Mini courses : Parotta
151;1;2;2;25;2024-10-26;2.29000;#yaourts;Courses entreprises Lidl
92;1;2;1;64;2024-10-02;57.01000;#gazole;Gazole auchan pendant hopital
93;1;2;2;69;2024-10-02;11.90000;#autoroute;Autoroute retour Hopital
97;1;2;1;60;2024-10-03;13.49000;#netflix;Netflix
98;1;2;3;108;2024-10-03;16.40000;#pharmacie;Poire et crème pour nez
99;1;2;2;87;2024-10-04;18.10000;#BK;BK colloc
100;1;1;1;84;2024-10-04;385.28000;#caf;Aide CAF octobre 2024
101;1;2;2;69;2024-10-05;11.90000;#autoroute;Autoroute direction Bellegarde
102;1;2;2;93;2024-10-05;5.80000;#boulangerie;Boulangerie pour la famille
103;1;2;2;86;2024-10-05;8.00000;#cinema;Cinema Valserhone Joker
104;2;2;1;66;2024-10-07;77.59000;#assurance;Assurance Flash Octobre 2024
105;2;2;2;28;2024-10-09;1.59000;#chips;Mini courses ecole
106;2;2;2;21;2024-10-09;2.29000;#sauce #doritos : ;Mini courses ecole : sauce doritos
107;2;2;2;23;2024-10-09;1.45000;#bn;Mini courses ecole
108;2;2;2;23;2024-10-09;1.35000;#pims;Mini courses ecole
109;2;2;2;18;2024-10-09;2.35000;#carre;Mini courses ecole
110;2;2;2;25;2024-10-09;2.00000;#flan;Mini courses ecole
111;2;2;1;110;2024-10-10;10.00000;#don;Don Croix rouge
112;2;2;1;92;2024-10-10;2.00000;#bde;Coca Bueno BDE
113;2;2;1;66;2024-10-11;54.37000;#assurance;Assurance Simba
114;2;2;1;64;2024-10-12;63.53000;#gazole;Gazole pour Paris
115;2;2;1;93;2024-10-12;3.00000;#café;Cappucino aire de repos
116;2;2;1;71;2024-10-12;6.45000;#ratp;Transport direction Dome de paris Hip Hop Tamizha
117;2;2;1;71;2024-10-13;6.45000;#ratp;Transport direction Hotel Hip Hop Tamizha
118;2;2;1;87;2024-10-13;25.20000;#BK;BK Paris retour Hip Hop Tamizha
119;2;2;1;87;2024-10-13;35.20000;#McDo;McDo autoroute retour Hip Hop Tamizha
120;2;2;2;23;2024-10-14;5.55000;#lidl;Kinder et biscuits
121;2;2;2;18;2024-10-14;2.04000;#lidl;Cheddar
122;2;2;2;40;2024-10-16;3.48000;#necklace;Culture corde pour collier
123;2;2;2;40;2024-10-16;35.00000;#necklace;Bijou pour Julien mariage
124;2;2;2;110;2024-10-16;3.47000;#sdf;Aide SDF
125;2;2;2;91;2024-10-16;3.00000;#cadenas;Cadenas bricomarché
126;2;2;2;64;2024-10-16;64.98000;#gazole;Gazole pour flash
127;2;2;2;88;2024-10-17;10.00000;#crous;Cantine Crous
128;2;2;2;21;2024-10-17;2.99000;#courses;Algérienne
129;2;2;2;24;2024-10-17;1.69000;#courses;Pain de mie
130;2;2;2;103;2024-10-18;100.00000;#revolut;Revolut
131;2;2;2;91;2024-10-18;37.98000;#jouets;Rubiks cube et Ferrari
132;2;2;2;87;2024-10-18;16.00000;#tacos;O Tacos
133;2;2;2;93;2024-10-18;2.00000;#pause;BDE
134;2;2;2;69;2024-10-20;11.90000;#autoroute;Autoroute direction SMH
135;1;2;2;69;2024-10-21;20.00000;#cantine;Cantine Elior
136;1;2;2;93;2024-10-21;10.00000;#viennoiserie;Boulangerie pour collègues
137;1;2;1;97;2024-10-21;129.43000;#emprunt;Emprunt
138;1;2;1;28;2024-10-21;2.78000;#chips;Courses entreprises
139;1;2;2;18;2024-10-21;4.90000;#boursin #chevre;Courses entreprises
140;1;2;2;26;2024-10-21;3.20000;#pates;2kg Pâtes
141;1;2;2;24;2024-10-21;1.49000;#pain;Pain de mie
142;1;2;2;19;2024-10-21;3.98000;#champignons;Champignons
143;1;2;2;21;2024-10-21;1.99000;#creme;Courses entreprises
144;1;2;2;19;2024-10-21;1.19000;#pommes #duchesse;Courses entreprises
145;1;2;2;25;2024-10-21;2.25000;#yaourts;Courses entreprises
146;1;2;2;24;2024-10-21;1.79000;#pain;Courses entreprises : pain au lait
147;1;2;2;29;2024-10-21;4.06000;#coca;Courses entreprises
148;1;2;2;29;2024-10-21;1.95000;#sac;Courses entreprises
149;1;2;1;64;2024-10-24;63.94000;#gazole;Gazole flash
150;1;2;2;21;2024-10-26;1.98000;#tomates #cuisines;Courses entreprises Lidl
152;1;2;2;33;2024-10-26;2.00000;#lait;Courses entreprises Lidl
153;1;2;2;23;2024-10-26;8.48000;#chewing;Courses entreprises Lidl
154;1;2;2;22;2024-10-26;3.58000;#cafe;Courses entreprises Lidl
155;1;2;2;18;2024-10-26;1.98000;#fromages #rape;Courses entreprises Lidl
156;1;2;2;22;2024-10-26;1.58000;#cappucino;Courses entreprises Lidl
157;1;2;2;31;2024-10-26;1.55000;#raisin;Courses entreprises Carrefour
158;1;2;2;18;2024-10-26;1.79000;#cheddar #tranches;Courses entreprises Carrefour
159;1;2;2;21;2024-10-26;2.29000;#samourai;Courses entreprises Carrefour
160;1;2;2;20;2024-10-26;2.99000;#clementine;Courses entreprises Carrefour
161;1;2;2;17;2024-10-26;10.62000;#viandes;Courses entreprises Carrefour
162;1;2;2;30;2024-10-26;11.20000;#malibu;Courses entreprises Carrefour
166;1;2;2;24;2024-10-26;1.79000;#mie;Courses entreprises Carrefour
167;1;2;2;31;2024-10-26;1.55000;#pommes;Courses entreprises Carrefour
168;1;2;2;17;2024-10-26;2.69000;#steak;Courses entreprises Lidl
169;1;2;2;110;2024-10-28;2.00000;#jsp;Cotisation mensuelle
170;1;1;3;99;2024-10-29;493.64000;#amundi;Parts Amundi
171;1;2;2;69;2024-10-31;11.90000;#autoroute;TRajet direction Valserhone
172;1;2;2;23;2024-10-31;7.85000;#chocolat;Ferrero Deepavali
173;1;2;2;19;2024-11-02;10.49000;#provences #halles;Courses maman
174;1;2;2;24;2024-11-02;3.30000;#pain;Courses maman
175;1;2;1;60;2024-11-03;13.49000;#netflix;Netflix Novembre 2024
177;2;2;1;102;2024-11-04;350.00000;#epargne;Epargne debut Novembre 2024
178;2;2;1;111;2024-11-04;200.00000;#famille;Cadeau pour papa et maman
179;2;2;1;77;2024-11-04;390.00000;#loyer;Loyer Novembre 2024
180;2;2;3;111;2024-11-04;500.00000;#primes;Cadeau pour maman pour primes
181;2;2;1;66;2024-11-05;77.59000;#assurance #flash;Assurance Flash Novembre 2024
176;2;1;1;98;2024-11-04;1703.85000;#salaire;Salaire Octobre 2024
184;2;2;3;90;2024-11-06;15.90000;#rome;CSE Trixell pour Rome
185;2;2;3;89;2024-11-06;0.40000;#cafe;Café Tetras
186;2;2;3;64;2024-11-07;67.06000;#gazole;Gazole pour Flash
187;2;2;3;87;2024-11-08;4.95000;#McDo;McDonalds avec les potes
188;2;2;3;87;2024-11-08;13.70000;#BK;BK appel Priya
189;2;2;3;87;2024-11-09;33.70000;#Milton #Pub;Restaurant pour Alexis et Octavia
190;1;2;2;69;2024-11-11;11.90000;#autoroute;Trajet direction SMH
191;1;2;1;110;2024-11-11;10.00000;#croix #rouge;Aide Croix Rouge
192;1;2;1;66;2024-11-12;53.60000;#assurance #simba;Assurance Simba Novembre 2024
195;1;2;2;23;2024-11-13;1.69000;#danettes;Courses Carrefour début Enteprise
196;1;2;2;18;2024-11-13;2.09000;#emmental;Courses Carrefour début Enteprise
197;1;2;2;17;2024-11-13;4.98000;#dinde #blanc;Courses Carrefour début Enteprise
198;1;2;2;21;2024-11-13;2.29000;#samourai;Courses Carrefour début Enteprise
199;1;2;2;18;2024-11-13;2.03000;#cheddar;Courses Carrefour début Enteprise
200;1;2;2;21;2024-11-13;0.99000;#harrissa;Courses Carrefour début Enteprise
201;1;2;2;24;2024-11-13;1.89000;#pain #mie;Courses Carrefour début Enteprise
202;1;2;2;23;2024-11-13;6.15000;#kinder #bueno;Courses Carrefour début Enteprise
182;2;2;2;87;2024-11-05;14.10000;#bk;Burger King avec Matthieu
183;2;1;2;84;2024-11-05;392.28000;#caf;Aide CAF Novembre 2024
193;1;2;2;88;2024-11-12;20.00000;elior;Cantine Elior
194;1;2;2;28;2024-11-13;1.19000;#chips;Courses Carrefour début Enteprise
203;1;2;2;87;2024-11-15;9.00000;#burger;Burger avec les copains
204;1;2;2;35;2024-11-16;4.50000;#t-shirt;Kiabi : T-Shirt bleu
205;1;2;2;34;2024-11-16;11.00000;#chemise;Kiabi : Chemises marin
206;1;2;2;34;2024-11-16;8.00000;#chemise;Kiabi : Chemises vert
207;1;2;2;35;2024-11-16;5.00000;#t-shirt;Kiabi : T-Shirt beige
208;1;2;2;25;2024-11-16;3.99000;#yaourts;Courses Carrefour
209;1;2;2;19;2024-11-16;1.35000;#epinards;Courses Carrefour
210;1;2;2;18;2024-11-16;2.25000;#chèvre;Courses Carrefour
211;1;2;2;18;2024-11-16;1.95000;#mimolettes;Courses Carrefour
212;1;2;2;33;2024-11-16;1.99000;#beurre;Courses Carrefour
213;1;2;2;21;2024-11-16;2.65000;#mayonnaise;Courses Carrefour
214;1;2;2;18;2024-11-16;5.99000;#raclette;Courses Carrefour
215;1;2;2;25;2024-11-16;1.09000;#liegeois;Courses Carrefour
216;1;2;2;19;2024-11-16;3.85000;#poelle #paysanne;Courses Carrefour
217;1;2;2;19;2024-11-16;3.49000;#poelle #rustic;Courses Carrefour
218;1;2;2;20;2024-11-16;2.49000;#clementine;Courses Carrefour
219;1;2;2;17;2024-11-16;9.33000;#filet #poulet;Courses Carrefour
220;1;2;2;19;2024-11-16;0.99000;#oignon #rouge;Courses Carrefour
221;1;2;2;24;2024-11-16;2.59000;#brioches;Courses Carrefour
222;1;2;2;24;2024-11-16;1.79000;#mie;Courses Carrefour
223;1;2;2;17;2024-11-16;2.25000;#pannee #poulet;Courses Carrefour
224;1;2;3;94;2024-11-18;79.99000;#clavier;Clavier Logitech MX Keys S Plus à Darty
225;1;2;2;47;2024-11-19;12.00000;#coiffeur;Coiffeur
226;1;2;1;97;2024-11-20;129.43000;#emprunt;Emprunt bancaire Novembre 2024
227;1;2;2;64;2024-11-21;64.98000;#gazole;Gazole pour Flash
228;1;2;2;109;2024-11-21;2.25000;#jsp;Assurance moyen de paiement
229;1;2;2;34;2024-11-22;39.99000;#jumper;Celio : Jumper noir XXL
230;1;2;2;34;2024-11-22;39.99000;#jumper;Celio : Jumper blanc XXL
231;1;2;2;112;2024-11-22;15.99000;#polo;Celio : Polo pour rémy
232;1;2;2;87;2024-11-23;32.00000;#restaurant;Anniv Rémy : Restaurant
233;1;2;2;89;2024-11-23;22.50000;#bar;Anniv Rémy : Bar chez Nat
234;1;2;2;71;2024-11-23;2.00000;#tram;Anniv Rémy : Tram
235;1;2;2;109;2024-11-23;2.00000;#jsp;Costisation mensuelle
236;1;2;2;87;2024-11-27;15.50000;#naan;Naan au 113
237;1;2;2;87;2024-11-28;16.40000;#kfc;KFC avec le RAR
238;1;2;2;87;2024-11-29;19.00000;#kebab;Tacos Kebab au travail
239;1;2;2;111;2024-11-29;19.80000;#primark;Pantalon Primark pour Ramya
240;1;2;2;69;2024-11-29;11.90000;#autoroute;Trajet direction Valserhône
241;1;2;2;69;2024-11-30;11.90000;#autoroute;Trajet direction SMH pour SSD
242;1;2;2;64;2024-11-30;58.58000;#gazole;Trajet direction SMH pour SSD
243;1;2;2;69;2024-12-01;11.90000;#autoroute;Trajet direction Valserhône pour SSD
244;1;2;2;93;2024-11-29;5.40000;#croustine;Petit dej Croustine
245;2;1;2;98;2024-12-02;2187.11000;#salaire;Salaire avec 13 ème mois
246;2;2;1;111;2024-12-02;200.00000;#parents;Cadeau pour Papa et Maman
247;2;2;1;77;2024-12-02;390.00000;#loyer;Loyer Décembre 2024
248;2;2;1;102;2024-12-02;350.00000;#epargne;Epargne début mois
249;2;2;2;106;2024-12-04;100.00000;#epargne;Epargne fin novembre sur Bourso Bank
250;2;2;2;93;2024-12-02;0.40000;#cafe;Café Tetras
251;2;2;2;60;2024-12-03;13.49000;#netflix;Netflix Décembre 2024
252;2;1;2;84;2024-12-05;392.28000;#apl;Prime et APL décembre 2024
253;2;2;1;66;2024-12-05;77.59000;#assurance;Assurance Flash décembre 2024
254;2;2;2;87;2024-12-05;21.40000;#resto;Restaurant Jadelight avec la classe
255;2;2;2;102;2024-12-05;300.00000;#epargne;Mis en epargne CAF
256;1;1;1;98;2025-01-02;1707.14000;#salaire;Salaire Janvier 2025
257;1;2;2;108;2025-01-02;6.90000;#médicament;Médicament toux pour Ramya
258;1;2;2;25;2025-01-02;3.15000;#yaourts;Petits yaourts
259;1;2;1;77;2025-01-03;390.00000;#loyer;Loyer Janvier 2025
260;1;2;1;111;2025-01-03;200.00000;#cadeau;Cadeau pour papa et maman
262;1;2;2;18;2025-01-03;5.19000;#roulés;Courses famille
263;1;2;2;25;2025-01-03;3.72000;#yaourts #fruits;Courses famille
264;1;2;2;29;2025-01-03;2.26000;#coca;Courses famille
265;1;2;2;23;2025-01-03;1.18000;#chocolat #suisse;Courses famille
329;1;2;2;87;2025-01-23;18.80000;#pitaya;Pitaya avec le RAR
261;1;2;2;25;2025-01-03;1.05000;#yaourts;Courses famille
266;1;2;1;60;2025-01-03;13.49000;#Netflix;Netflix Janvier 2025
267;1;1;2;109;2025-01-01;48.00000;#reste;Reste de Décembre 2024
268;1;2;2;23;2025-01-05;13.47000;#gallette #rois;3 x galettes de rois 4.49 l'unité
269;2;1;1;84;2025-01-06;242.43000;#caf;Aide CAF
270;2;2;1;66;2025-01-06;77.59000;#assurance;Assurance véhicule Flash
271;2;2;3;109;2025-01-06;1000.00000;#action;Action Thales Amundi
273;2;2;2;65;2025-01-06;11.99000;#huile;Huile moteur pour flash
274;2;2;2;106;2025-01-07;50.00000;#reste;Reste Décembre 2024
275;2;2;2;64;2025-01-11;65.04000;#gazole;Gazole pour Flash
276;2;1;3;109;2025-01-06;60.76000;#interets;Interets livret A
277;2;1;3;102;2025-01-06;1000.00000;#action;Compensation Action Thales
278;2;2;1;102;2025-01-06;400.00000;#epargne;Epargne début du mois
279;2;2;1;66;2025-01-13;53.62000;#simba;Assurance Simba Janvier 2025
280;2;2;1;110;2025-01-14;10.00000;#croix-rouge;Don croix-rouge
281;2;2;1;17;2025-01-17;1.65000;#oeufs;Courses famille burger
282;2;2;1;31;2025-01-17;1.65000;#raisin;Courses famille burger
283;2;2;1;19;2025-01-17;0.99000;#champignons;Courses famille burger
284;2;2;1;24;2025-01-17;2.09000;#pain #burger;Courses famille burger
285;2;2;1;25;2025-01-17;1.69000;#danettes;Courses famille burger
286;2;2;1;25;2025-01-17;1.05000;#yaourts;Courses famille burger
287;2;2;1;29;2025-01-17;2.03000;#coca;Courses famille burger
288;2;2;1;23;2025-01-17;1.29000;#sucrine;Courses famille burger
289;2;2;1;18;2025-01-17;1.79000;#cheese;Courses famille burger
290;2;2;1;28;2025-01-17;1.19000;#chips;Courses famille burger
291;2;2;1;28;2025-01-17;0.99000;#chips;Courses famille burger
292;2;2;1;17;2025-01-17;2.09000;#jsp;Courses famille burger
293;2;2;1;69;2025-01-19;11.90000;#autoroute;Trajet direction SMH
294;2;2;2;93;2025-01-20;2.25000;#café;Café Starbucks
295;2;2;2;93;2025-01-20;16.40000;#viennoiserie;Viennoiserie et repas
296;2;2;1;97;2025-01-20;129.43000;#emprunt;Crédit
298;2;2;2;21;2025-01-20;2.64000;#tomates #cuisinées;Courses Lidl début période entreprise
299;2;2;2;19;2025-01-20;2.54000;#poelle;Courses Lidl début période entreprise
300;2;2;2;33;2025-01-20;5.64000;#lait;Courses Lidl début période entreprise
301;2;2;2;21;2025-01-20;1.50000;#moutarde;Courses Lidl début période entreprise
302;2;2;2;23;2025-01-20;1.25000;#confiture;Courses Lidl début période entreprise
303;2;2;2;25;2025-01-20;3.72000;#yaourts;Courses Lidl début période entreprise
304;2;2;2;19;2025-01-20;1.69000;#onions;Courses Lidl début période entreprise
305;2;2;2;21;2025-01-20;1.84000;#creme #fraiche;Courses Lidl début période entreprise
306;2;2;2;20;2025-01-20;0.99000;#citron;Courses Lidl début période entreprise
307;2;2;2;18;2025-01-20;1.30000;#cheddar;Courses Lidl début période entreprise
309;2;2;2;17;2025-01-20;1.44000;#jambon;Courses Lidl début période entreprise
310;2;2;2;20;2025-01-20;3.49000;#madarine;Courses Lidl début période entreprise
311;2;2;2;24;2025-01-20;2.51000;#biscottes;Courses Lidl début période entreprise
297;2;2;2;17;2025-01-20;2.79000;#haché;Courses Lidl début période entreprise
308;2;2;2;18;2025-01-20;4.18000;#emmental;Courses Lidl début période entreprise
312;1;2;2;93;2025-01-21;2.36000;#beignet;Beignet Lidl
313;1;2;2;26;2025-01-22;1.79000;#coucous;Courses carrefour
314;1;2;2;26;2025-01-22;1.48000;#pates #farfalle;Courses carrefour
315;1;2;2;26;2025-01-22;1.49000;#pates #farfalle;Courses carrefour
316;1;2;2;26;2025-01-22;1.23000;#pates #spaghetti;Courses carrefour
317;1;2;2;26;2025-01-22;1.24000;#pates #spaghetti;Courses carrefour
318;1;2;2;17;2025-01-22;2.12000;#nems #poulet;Courses carrefour
319;1;2;2;17;2025-01-22;2.11000;#nems #poulet;Courses carrefour
320;1;2;2;17;2025-01-22;2.09000;#cordon-bleu;Courses carrefour
321;1;2;2;31;2025-01-22;2.09000;#oasis #pcf;Courses carrefour
322;1;2;2;52;2025-01-22;4.69000;#PQ;Courses carrefour
323;1;2;2;46;2025-01-22;3.85000;#nivea #soft;Courses carrefour
324;1;2;2;46;2025-01-22;3.89000;#nivea;Courses carrefour
325;1;2;2;52;2025-01-22;2.79000;#sopalin;Courses carrefour
326;1;2;2;51;2025-01-22;2.09000;#javel;Courses carrefour
327;1;2;1;109;2025-01-20;2.25000;#jsp;Assurance moyen de paiement
328;1;2;1;64;2025-01-23;71.19000;#gazole;Gazole pour Flash
330;1;2;2;18;2025-01-24;2.75000;#Cheddar;Courses pour burger
331;1;2;2;24;2025-01-24;1.29000;#pain;Courses pour burger
332;1;2;2;19;2025-01-24;1.25000;#frites;Courses pour burger
333;1;2;2;19;2025-01-24;1.49000;#salade #mache;Courses pour burger
334;1;2;2;29;2025-01-24;1.65000;#coca;Courses pour burger
335;1;2;2;25;2025-01-24;2.00000;#flan;Courses pour burger
336;1;2;2;25;2025-01-24;2.45000;#tarte #poireaux;Courses pour burger
337;1;2;2;19;2025-01-24;1.46000;#tomtates;Courses pour burger
338;1;2;2;22;2025-01-25;6.99000;#nescafé;Petites Courses
339;1;2;2;17;2025-01-25;9.53000;#filets #poulet;Petites Courses
340;1;2;2;18;2025-01-25;1.81000;#finger #cheese;Petites Courses
341;1;2;2;51;2025-01-25;9.99000;#tapis #cuisine;IKEA pour tapis
342;1;2;2;51;2025-01-25;2.99000;#paillasson #balcon;IKEA pour tapis
343;1;2;1;109;2025-01-28;2.00000;#cotisation;Cotisation mensuelle
344;1;2;2;87;2025-01-30;15.50000;#cheese #naan;Cheese naan au 113
345;1;2;2;93;2025-01-31;11.00000;#croustine;Croustine repas vendredi
346;1;2;2;52;2025-01-31;2.15000;#objets;Vaporisateur et scrubber
347;1;2;2;26;2025-01-31;1.95000;#frites;Courses carrefour
348;1;2;2;18;2025-01-31;1.95000;#mimolette;Courses carrefour
349;1;2;2;18;2025-01-31;2.19000;#camembert;Courses carrefour
350;1;2;2;24;2025-01-31;1.75000;#muffins;Courses carrefour
351;1;2;2;24;2025-01-31;1.19000;#nouilles;Courses carrefour
352;1;2;2;24;2025-01-31;1.19000;#nouilles;Courses carrefour
353;1;2;2;17;2025-01-31;2.12000;#nems;Courses carrefour
354;1;2;2;17;2025-01-31;2.11000;#nems;Courses carrefour
355;1;2;2;24;2025-01-31;0.99000;#burger;Courses carrefour
356;1;2;2;21;2025-01-31;2.29000;#samourai;Courses carrefour
357;1;2;2;24;2025-01-31;2.15000;#pain #chocolat;Courses carrefour
358;1;2;2;25;2025-01-31;2.15000;#liegeois;Courses carrefour
359;1;2;2;19;2025-01-31;1.49000;#mache;Courses carrefour
360;1;2;2;29;2025-01-31;1.65000;#coca;Courses carrefour
361;1;2;2;18;2025-01-31;2.75000;#finger #cheese;Courses carrefour
362;1;2;2;25;2025-01-31;2.00000;#flan;Courses carrefour
363;1;2;2;17;2025-01-31;8.45000;#filets #poulet;Courses carrefour
364;1;2;2;19;2025-01-31;2.45000;#tarte #poireaux;Courses carrefour
365;1;2;2;19;2025-01-31;1.30000;#tomate;Courses carrefour
366;1;2;2;106;2025-01-31;87.71000;#epargne #plaisir;Epargne plasir
367;1;2;2;102;2025-01-31;200.00000;#livret;Epargne fin janvier 2025
368;1;1;1;98;2025-02-03;1657.64000;#salaire;Salaire Janvier 2025
369;1;2;1;77;2025-02-03;390.00000;#loyer;Loyer février 2025
370;1;2;1;60;2025-02-03;13.49000;#netflix;Netflix février 2025
371;1;1;1;84;2025-02-05;242.43000;#APL;Aide CAF
372;1;2;1;66;2025-02-05;77.59000;#flash;Assurance février pour flash
373;1;2;3;108;2025-02-05;114.60000;#optique;Lunettes Afflelou et Carrera
374;1;2;2;91;2025-02-06;21.99000;#jouet;Rubik's Cube
375;1;2;3;67;2025-02-06;260.00000;#batterie;Batterie Start and Stop pour Flash, garage OCEA
376;1;2;3;73;2025-02-06;143.10000;#voyage;Voyage CSE Rome
377;1;2;2;25;2025-02-07;1.75000;#chantilly;Courses Lidl tacos
378;1;2;2;21;2025-02-07;2.30000;#samourai;Courses Lidl tacos
379;1;2;2;25;2025-02-07;1.29000;#sucrine #jsp;Courses Lidl tacos
380;1;2;2;26;2025-02-07;2.35000;#frites #steakhouse;Courses Lidl tacos
381;1;2;2;18;2025-02-07;1.80000;#fromage #rapé;Courses Lidl tacos
382;1;2;2;18;2025-02-07;2.10000;#st-moret;Courses Lidl tacos
383;1;2;2;19;2025-02-07;1.99000;#poivrons;Courses Lidl tacos
384;1;2;2;18;2025-02-07;2.03000;#cheddar;Courses Lidl tacos
385;1;2;2;29;2025-02-08;2.28000;#cristaline #12x;Courses carrefour
386;1;2;2;28;2025-02-08;1.49000;#chips;Courses carrefour
387;1;2;1;69;2025-02-04;12.10000;#autoroute;Trajet direction Valserhône
388;2;2;1;110;2025-02-11;10.00000;#croix-rouge;Don Croix-rouge
389;2;2;1;66;2025-02-11;53.62000;#simba;Assurance SImba
392;2;2;1;111;2025-02-14;100.00000;#cadeau #famille;Cadeau Saint Valentin maman
393;2;2;2;64;2025-02-12;70.07000;#gazole;Gazole pour Flash
394;2;2;2;17;2025-02-14;0.89000;#sac;Courses Lidl Saint-Valentin
395;2;2;2;29;2025-02-14;2.28000;#coca;Courses Lidl Saint-Valentin
396;2;2;2;23;2025-02-14;3.61000;#chocobons;Courses Lidl Saint-Valentin
397;2;2;2;17;2025-02-14;3.99000;#steak;Courses Lidl Saint-Valentin
398;2;2;2;23;2025-02-14;1.64000;#mikado;Courses Lidl Saint-Valentin
399;2;2;2;23;2025-02-14;1.39000;#donuts;Courses Lidl Saint-Valentin
400;2;2;2;18;2025-02-14;3.33000;#saint-moret;Courses Lidl Saint-Valentin
401;2;2;2;18;2025-02-14;2.03000;#cheddar;Courses Lidl Saint-Valentin
402;2;2;2;18;2025-02-14;1.80000;#fromage-rapé;Courses Lidl Saint-Valentin
403;2;2;2;52;2025-02-14;1.25000;#lingettes;Courses Lidl Saint-Valentin
404;2;2;2;24;2025-02-14;3.22000;#pain #burger;Courses Lidl Saint-Valentin
405;2;2;2;76;2025-02-14;1.00000;#parking;Parking hopital
406;2;2;2;27;2025-02-15;8.58000;#apero;Sortie siblings
408;2;2;1;109;2025-02-19;2.25000;#jsp;Assurance moyen paiement
429;2;2;1;97;2025-02-20;129.43000;#emprunt;Emprunt bancaire crédit
430;2;2;2;87;2025-02-20;10.50000;#burger-king;Burger King avec Mathieu et Mongi
431;2;2;2;87;2025-02-20;12.70000;#burger-king;Burger King avec Mathieu et Mongi
412;2;2;2;23;2025-02-19;1.09000;#biscuits #avika;Courses carrefour
413;2;2;2;23;2025-02-19;1.75000;#napolitain #avika;Courses carrefour
414;2;2;2;21;2025-02-19;2.85000;#moutarde;Courses carrefour
415;2;2;2;21;2025-02-19;2.59000;#mayonaise;Courses carrefour
416;2;2;2;25;2025-02-19;2.00000;#flan;Courses carrefour
417;2;2;2;21;2025-02-19;0.69000;#harissa;Courses carrefour
418;2;2;2;23;2025-02-19;3.75000;#chocobons;Courses carrefour
419;2;2;2;20;2025-02-19;1.90000;#mandarine;Courses carrefour
420;2;2;2;24;2025-02-19;1.75000;#pain;Courses carrefour
421;2;2;2;21;2025-02-19;2.25000;#andalouse;Courses carrefour
422;2;2;2;52;2025-02-19;1.15000;#coton-tiges;Courses carrefour
423;2;2;2;49;2025-02-19;2.35000;#adoucissant;Courses carrefour
424;2;2;2;52;2025-02-19;8.37000;#savons #marseille;Courses carrefour
425;2;2;2;52;2025-02-19;2.65000;#shampoing;Courses carrefour
426;2;2;2;52;2025-02-19;10.20000;#eau-de-cologne;Courses carrefour
427;2;2;2;52;2025-02-19;3.69000;#jsp;Courses carrefour
428;2;2;2;52;2025-02-19;1.79000;#mouchoirs;Courses carrefour
432;2;2;2;17;2025-02-21;2.69000;#steak;Courses Lidl maman
433;2;2;2;19;2025-02-21;0.00000;#brocoli;Courses Lidl maman
434;2;2;2;19;2025-02-21;2.16000;#tomates;Courses Lidl maman
435;2;2;2;52;2025-02-21;5.59000;#papier #toilette;Courses Lidl maman
436;2;2;2;52;2025-02-21;4.25000;#sopalin;Courses Lidl maman
437;2;2;2;19;2025-02-21;2.29000;#maïs;Courses Lidl maman
438;2;2;2;19;2025-02-21;2.69000;#pdt #fromage;Courses Lidl maman
439;2;2;2;19;2025-02-21;2.25000;#petit #pois;Courses Lidl maman
440;2;2;2;45;2025-02-21;2.89000;#colgate;Courses Lidl maman
441;2;2;2;91;2025-02-22;14.00000;#valseo;Piscine avec Maman
442;2;2;1;64;2025-02-22;58.04000;#gazole;Gazole pour Flash
443;2;2;1;69;2025-02-23;12.10000;#autoroute;Trajet direction SMH
444;1;2;3;96;2025-02-24;8.50000;#cafe;Remboursement Cafe Dominique Perea
445;1;2;2;87;2025-02-24;4.00000;#113 #naan;2 x cheese naan
446;1;2;2;87;2025-02-25;12.50000;#113 #naan;Cheese naan + sandwhich
447;1;2;2;17;2025-02-27;2.18000;#sandwhich #thon;Courses Carrefour
449;1;2;2;23;2025-02-27;2.75000;#lindt #creme-brulee;Courses Carrefour
450;1;2;2;23;2025-02-27;2.75000;#lindt #chocolat;Courses Carrefour
451;1;2;2;31;2025-02-27;1.55000;#jus #raisin;Courses Carrefour
452;1;2;2;18;2025-02-27;1.79000;#tranches #burger;Courses Carrefour
453;1;2;2;17;2025-02-27;1.95000;#saucisse;Courses Carrefour
454;1;2;2;21;2025-02-27;0.69000;#harissa;Courses Carrefour
455;1;2;2;21;2025-02-27;2.35000;#samourai;Courses Carrefour
456;1;2;2;18;2025-02-27;2.75000;#finger #cheese;Courses Carrefour
457;1;2;1;109;2025-02-25;2.00000;#jsp;Cotisation mensuelle
458;1;2;2;18;2025-02-28;2.29000;#st-moret;Courses carrefour burger
459;1;2;2;18;2025-02-28;2.05000;#masdam;Courses carrefour burger
460;1;2;2;17;2025-02-28;2.49000;#nems;Courses carrefour burger
461;1;2;2;24;2025-02-28;1.29000;#pain #burger;Courses carrefour burger
462;1;2;2;24;2025-02-28;2.35000;#pizza;Courses carrefour burger
463;1;2;2;17;2025-02-28;1.95000;#saucisses;Courses carrefour burger
464;1;2;2;26;2025-02-28;1.69000;#saucisses;Courses carrefour burger
465;1;2;2;21;2025-02-28;3.65000;#mayo;Courses carrefour burger
466;1;2;2;25;2025-02-28;2.19000;#liegeois;Courses carrefour burger
467;1;2;2;19;2025-02-28;3.38000;#avocat;Courses carrefour burger
468;1;2;2;18;2025-02-28;2.75000;#finger-cheese;Courses carrefour burger
469;1;2;2;18;2025-02-28;1.79000;#cheddar;Courses carrefour burger
470;1;2;2;17;2025-02-28;9.95000;#filets;Courses carrefour burger
471;1;2;2;19;2025-02-28;0.98000;#tomate;Courses carrefour burger
472;1;2;2;17;2025-02-28;4.50000;#cordon-bleu #4;Courses carrefour burger
473;1;2;2;29;2025-02-28;2.03000;#coca;Courses carrefour burger
474;1;2;2;114;2025-02-28;1.50000;#sac;Courses carrefour burger
475;1;2;2;102;2025-02-28;100.00000;#epargne;Reste février 2025
476;1;2;2;103;2025-02-28;71.88000;#epargne;Reste février 2025
477;1;1;1;98;2025-03-03;1706.14000;#salaire;Salaire février 2025
478;1;2;1;60;2025-03-03;13.49000;#netflix;Netflix Mars 2025
479;1;2;3;94;2025-03-03;411.00000;#iphone;Apport Iphone 16 Pro darty
480;1;2;1;111;2025-03-03;200.00000;#parent;Cadeau Maman et Papa
481;1;2;1;77;2025-03-03;390.00000;#loyer;Loyer Mars 2025
482;1;2;1;21;2025-03-03;2.69000;#alge;Courses carrefour
483;1;2;1;24;2025-03-03;2.19000;#pain #chocolat;Courses carrefour
484;1;2;1;24;2025-03-03;2.89000;#tortilla;Courses carrefour
485;1;2;1;33;2025-03-03;6.66000;#lait;Courses carrefour
486;1;2;1;25;2025-03-03;2.25000;#yaourts;Courses carrefour
487;1;2;1;20;2025-03-03;3.88000;#mandarine;Courses carrefour
488;1;1;1;84;2025-03-05;242.43000;#caf;Aide CAF Mars 2025
489;1;2;1;66;2025-03-05;77.59000;#flash;Assurance pour Flash Mars 2025
490;1;2;2;94;2025-03-05;26.99000;#chargeur;Adaptateur secteur pour Iphone 16 Pro
491;1;2;2;94;2025-03-06;18.00000;#verre;Verre trempé pour Iphone
492;1;2;2;108;2025-03-06;3.59000;#gouttes;Gouttes pour oeil
494;1;2;2;89;2025-03-07;13.50000;#remy #moi;Soirée Tristan
495;1;2;2;89;2025-03-07;7.80000;#aymeric #tristan;Soirée Tristan
497;1;2;2;87;2025-03-07;12.90000;#tacos;Soirée Tristan
498;1;2;2;87;2025-03-07;4.54000;#cantine;Cantine Thales
499;1;2;2;18;2025-03-08;1.89000;#parmesan;Courses carrefour
500;1;2;2;28;2025-03-08;1.79000;#chips;Courses carrefour
501;1;2;2;18;2025-03-08;2.25000;#chèvre;Courses carrefour
502;1;2;2;18;2025-03-08;2.75000;#cheddar;Courses carrefour
503;1;2;2;18;2025-03-08;2.05000;#masdam;Courses carrefour
504;1;2;2;18;2025-03-08;1.99000;#fromage-rapé;Courses carrefour
505;1;2;2;22;2025-03-08;1.45000;#biscuits #BN;Courses carrefour
506;1;2;2;24;2025-03-08;1.29000;#burger;Courses carrefour
507;1;2;2;24;2025-03-08;4.70000;#pizzas;Courses carrefour
508;1;2;2;19;2025-03-08;3.38000;#avocats #x2;Courses carrefour
509;1;2;2;31;2025-03-08;1.45000;#pommes;Courses carrefour
510;1;2;2;17;2025-03-08;7.59000;#cordon-bleu;Courses carrefour
511;1;2;2;17;2025-03-08;11.48000;#filets;Courses carrefour
512;1;2;2;19;2025-03-08;1.12000;#tomates;Courses carrefour
513;1;2;2;24;2025-03-08;1.79000;#mie;Courses carrefour
514;1;2;2;19;2025-03-08;1.75000;#taboulé;Courses carrefour
515;1;2;2;49;2025-03-08;2.49000;#adoucissant;Courses carrefour
516;1;2;2;52;2025-03-08;1.59000;#gel #WC;Courses carrefour
493;1;2;2;93;2025-03-07;11.50000;#croissant;Croissant pour collègues
517;1;2;1;60;2025-03-09;18.21000;#spotify;Spotify Premium Famille
518;1;2;1;64;2025-03-10;57.99000;#gazole;Gazole pour Flash
520;1;2;1;66;2025-03-11;53.62000;#simba;Assurance Simba
519;1;1;3;84;2025-03-10;62.67000;#jsp;Virement inconnu
521;1;2;2;47;2025-03-11;12.00000;#coupe;Coiffure
522;1;2;1;110;2025-03-12;10.00000;#don;Don croix-rouge
523;1;2;2;87;2025-03-12;6.72000;#cantine;Cantine Thales
524;1;2;3;67;2025-03-12;149.06000;#garage;Révision pour Flash
525;1;2;2;87;2025-03-13;16.65000;#kfc;KFC
526;1;2;2;18;2025-03-14;1.79000;#cheddar;Courses carrefour
528;1;2;2;18;2025-03-14;2.75000;#cheddar;Courses carrefour
527;1;2;2;18;2025-03-14;2.25000;#chevre;Courses carrefour
529;1;2;2;28;2025-03-14;1.79000;#chips;Courses carrefour
530;1;2;2;24;2025-03-14;1.29000;#pain #burger;Courses carrefour
531;1;2;2;24;2025-03-14;4.70000;#pizza #2x;Courses carrefour
532;1;2;2;17;2025-03-14;1.95000;#saucisses;Courses carrefour
533;1;2;2;21;2025-03-14;2.69000;#algerienne;Courses carrefour
534;1;2;2;24;2025-03-14;2.19000;#pain #chocolat;Courses carrefour
535;1;2;2;25;2025-03-14;2.29000;#yaourts;Courses carrefour
536;1;2;2;19;2025-03-14;3.89000;#poelee;Courses carrefour
537;1;2;2;19;2025-03-14;1.69000;#avocat;Courses carrefour
538;1;2;2;29;2025-03-14;1.89000;#coca;Courses carrefour
539;1;2;2;27;2025-03-14;2.95000;#epices #mexico;Courses carrefour
540;1;2;2;27;2025-03-14;2.95000;#epices #paprika;Courses carrefour
541;1;2;2;17;2025-03-14;2.39000;#cordon-bleu;Courses carrefour
542;1;2;2;17;2025-03-14;10.61000;#filets;Courses carrefour
543;1;2;2;30;2025-03-14;11.25000;#malibu;Courses carrefour
544;1;2;2;20;2025-03-14;4.47000;#mandarine;Courses carrefour
545;1;2;2;19;2025-03-14;1.75000;#taboulé;Courses carrefour
546;1;2;2;19;2025-03-14;0.99000;#onion;Courses carrefour
547;1;2;2;87;2025-03-19;5.96000;#cantine;Cantine Thales
548;1;2;2;28;2025-03-19;1.55000;#chips;Courses carrefour
549;1;2;2;18;2025-03-19;2.50000;#tome;Courses carrefour
550;1;2;2;19;2025-03-19;0.99000;#taboulé;Courses carrefour
551;1;2;2;21;2025-03-19;2.29000;#samourai;Courses carrefour
552;1;2;2;18;2025-03-19;2.75000;#finger #cheese;Courses carrefour
553;1;2;2;52;2025-03-19;4.59000;#PQ #colloc;Courses carrefour
554;1;2;2;52;2025-03-19;3.21000;#PQ #remise;Courses carrefour
555;1;2;2;49;2025-03-19;2.23000;#alu;Courses carrefour
556;1;2;1;97;2025-03-20;129.43000;#emprunt;Emprunt bancaire mars 2025
557;1;2;2;28;2025-03-21;1.55000;#chips;Courses soirée pizza
558;1;2;2;18;2025-03-21;2.75000;#cheddar;Courses soirée pizza
559;1;2;2;18;2025-03-21;1.95000;#masdam;Courses soirée pizza
560;1;2;2;30;2025-03-21;15.99000;#kronenbour;Courses soirée pizza
561;1;2;2;24;2025-03-21;0.99000;#burger;Courses soirée pizza
562;1;2;2;24;2025-03-21;2.17000;#pizza;Courses soirée pizza
563;1;2;2;24;2025-03-21;2.16000;#pizza;Courses soirée pizza
564;1;2;2;25;2025-03-21;2.39000;#yaourts;Courses soirée pizza
565;1;2;2;19;2025-03-21;1.69000;#avocats;Courses soirée pizza
566;1;2;2;30;2025-03-21;6.79000;#ambre #lea;Courses soirée pizza
567;1;2;2;29;2025-03-21;1.89000;#coca;Courses soirée pizza
568;1;2;2;17;2025-03-21;2.39000;#cordon bleu;Courses soirée pizza
569;1;2;2;17;2025-03-21;10.73000;#filets;Courses soirée pizza
570;1;2;2;19;2025-03-21;0.99000;#onion;Courses soirée pizza
571;1;2;2;19;2025-03-21;1.75000;#taboulé;Courses soirée pizza
572;1;2;2;19;2025-03-21;0.53000;#tomate;Courses soirée pizza
573;1;2;1;109;2025-03-19;2.25000;#jsp;Assurance moyen de paiement
574;1;2;2;87;2025-03-21;26.90000; #pizza;Soirée Pizza
575;1;1;3;111;2025-03-23;250.00000;#cadeau;Cadeau maman pour Flash
576;1;1;3;111;2025-03-24;30.00000;#pneu;Changement Pneu pour Flash
577;1;1;3;111;2025-03-26;2.00000;#jsp;Cotisation mensuelle
578;1;2;2;28;2025-03-25;1.99000;#chips;Courses Carrefour
579;1;2;2;18;2025-03-25;2.09000;#emmental;Courses Carrefour
580;1;2;2;23;2025-03-25;1.79000;#napolitain;Courses Carrefour
581;1;2;2;21;2025-03-25;2.29000;#samourai;Courses Carrefour
582;1;2;2;18;2025-03-25;2.25000;#chevre;Courses Carrefour
583;1;2;2;64;2025-03-27;58.20000;#Gazole;Gazole pour flash
584;1;2;2;87;2025-03-27;6.80000;#cantine;Cantine Thales
585;1;2;2;87;2025-03-27;20.10000;#KFC;Soirée KFC
586;1;2;2;87;2025-03-27;18.50000;#Burger;Burger Moirans
587;1;2;2;17;2025-03-29;40.65000;#famille;Courses famille
589;1;2;2;103;2025-03-31;76.19000;#reste;Epargne
590;1;2;2;102;2025-03-31;100.00000;#reste;Epargne
591;2;1;1;98;2025-04-01;1755.14000;#salaire;Salaire Mars 2025
592;2;2;1;111;2025-04-01;200.00000;#famille;Cadeau maman et papa
593;2;2;1;77;2025-04-01;390.00000;#loyer;Loyer Avril 2025
594;2;2;1;94;2025-04-03;313.25000;#iPhone;Darty iPhone
595;2;1;1;84;2025-04-04;230.56000;#caf;Aide CAF
596;2;2;1;60;2025-04-03;13.49000;#netflix;Abonnement Netflix
597;2;2;1;60;2025-04-04;14.26000;#famille;Crevettes pour maman
598;2;2;1;17;2025-04-05;25.48000;#famille;Courses famille
599;2;2;1;94;2025-04-05;1.75000;#photos;Photos collègues Trixell
600;2;2;1;64;2025-04-06;51.88000;#gazole;Gazole Flash
601;2;2;1;64;2025-04-06;12.10000;#autoroute;Trajet Direction SMH
603;1;2;1;69;2025-04-01;12.40000;#autoroute;Trajet Direction Bellegarde (28-03-2025)
604;1;2;1;66;2025-04-07;71.04000;#flash;Assurance Flash Avril 2025
605;1;2;2;103;2025-04-07;100.00000;#amazon;Big Commande Amazon accessoires
606;1;2;1;60;2025-04-09;18.21000;#spotify;Spotify Avril 2025
607;1;2;2;87;2025-04-10;5.38000;#cantine;Cantine stagiaire
608;1;2;2;47;2025-04-10;12.00000;#coiffeur;Coiffeur
609;1;2;2;93;2025-04-11;8.50000;#croustine;Boulangerie collègues
610;1;2;1;66;2025-04-11;53.62000;#simba;Assurance Simba Avril 2025
611;1;2;2;87;2025-04-11;3.59000;#cantine;Cantine collègues
612;1;2;2;33;2025-04-11;1.11000;#lait;Courses carrefour végé
613;1;2;2;33;2025-04-11;1.11000;#lait;Courses carrefour végé
614;1;2;2;26;2025-04-11;1.25000;#frites;Courses carrefour végé
615;1;2;2;25;2025-04-11;2.39000;#yaourts;Courses carrefour végé
616;1;2;2;19;2025-04-11;2.29000;#pané #végé;Courses carrefour végé
617;1;2;2;19;2025-04-11;2.29000;#pané #végé;Courses carrefour végé
618;1;2;2;19;2025-04-11;2.29000;#pané #végé;Courses carrefour végé
619;1;2;2;19;2025-04-11;3.49000;#poeles #champetre;Courses carrefour végé
620;1;2;2;19;2025-04-11;0.99000;#champignons;Courses carrefour végé
621;1;2;2;19;2025-04-11;0.99000;#onions #rouges;Courses carrefour végé
622;1;2;2;21;2025-04-11;2.29000;#samourai;Courses carrefour végé
623;1;2;2;18;2025-04-11;2.25000;#chèvre;Courses carrefour végé
624;1;2;2;19;2025-04-11;1.75000;#taboulé;Courses carrefour végé
625;1;2;2;18;2025-04-11;2.09000;#emmental;Courses carrefour végé
626;1;2;2;24;2025-04-11;2.55000;#pizza;Courses carrefour végé
627;1;2;2;26;2025-04-11;2.39000;#gnocchi;Courses carrefour végé
628;1;2;2;26;2025-04-11;2.39000;#gnocchi;Courses carrefour végé
629;1;2;2;18;2025-04-11;2.05000;#maasdam;Courses carrefour végé
630;1;2;2;18;2025-04-11;1.79000;#burger #president;Courses carrefour végé
631;1;2;2;21;2025-04-11;1.99000;#pesto;Courses carrefour végé
632;1;2;2;19;2025-04-11;0.96000;#tomates;Courses carrefour végé
633;1;2;2;28;2025-04-11;1.99000;#chips #pesto;Courses carrefour végé
634;1;2;2;24;2025-04-11;0.99000;#pain #burger;Courses carrefour végé
635;1;2;2;18;2025-04-11;1.75000;#crêpes #fromages;Courses carrefour végé
636;1;2;2;89;2025-04-14;13.50000;#barathon;Bar avec Rico et Cécile
637;1;2;3;87;2025-04-14;35.00000;#iut;Gala IUT
638;1;2;1;110;2025-04-15;10.00000;#don;Croix-Rouge
639;1;2;2;64;2025-04-16;62.60000;#gazole;Gazole pour Flash avant Paris
664;1;2;2;69;2025-04-21;12.10000;#autouroute;TRajet direction SMH
641;1;2;2;93;2025-04-17;3.00000;#café;Café aire de repos
642;1;2;2;69;2025-04-16;12.10000;#autoroute;Trajet direction Valserhône
643;1;2;2;93;2025-04-19;9.30000;#choco;Pains au chocolat Paris
644;1;2;2;87;2025-04-19;13.70000;#indien;Hot Breads 1st round
645;1;2;2;87;2025-04-19;9.00000;#indien;Hot Breads 2nd round
646;1;2;2;22;2025-04-19;2.85000;#nescafe;Courses carrefour Hôtel
647;1;2;2;29;2025-04-19;3.79000;#7up;Courses carrefour Hôtel
648;1;2;2;29;2025-04-19;0.94000;#red #bull;Courses carrefour Hôtel
649;1;2;2;29;2025-04-19;1.45000;#red #bull;Courses carrefour Hôtel
650;1;2;2;25;2025-04-19;0.99000;#compote;Courses carrefour Hôtel
651;1;2;2;114;2025-04-19;0.25000;#sac;Courses carrefour Hôtel
652;1;2;2;33;2025-04-19;3.78000;#evian;Courses carrefour Hôtel
653;1;2;2;25;2025-04-21;1.29000;#yaourts;Courses famille Biriyani
654;1;2;2;29;2025-04-21;1.67000;#piles;Courses famille Biriyani
655;1;2;2;20;2025-04-21;2.89000;#fraises;Courses famille Biriyani
656;1;2;2;21;2025-04-21;1.79000;#huile;Courses famille Biriyani
657;1;2;2;19;2025-04-21;1.19000;#echalotte;Courses famille Biriyani
658;1;2;2;19;2025-04-21;2.69000;#poivrons;Courses famille Biriyani
659;1;2;2;19;2025-04-21;1.99000;#ail;Courses famille Biriyani
660;1;2;2;19;2025-04-21;2.24000;#tomates;Courses famille Biriyani
661;1;2;2;23;2025-04-21;2.60000;#BN;Courses famille Biriyani
662;1;2;2;23;2025-04-21;1.83000;#pitch;Courses famille Biriyani
663;1;2;2;17;2025-04-21;2.88000;#oeufs;Courses famille Biriyani
665;1;2;1;97;2025-04-21;129.43000;#banque;Emprunt
666;1;2;2;87;2025-04-22;12.50000;#burger;Burger Patrick
667;1;2;2;25;2025-04-22;1.85000;#yaourts;Courses carrefour
668;1;2;2;31;2025-04-22;2.75000;#pulco;Courses carrefour
669;1;2;2;25;2025-04-22;2.39000;#yaourts;Courses carrefour
670;1;2;2;23;2025-04-22;3.09000;#chocolat;Courses carrefour
671;1;2;2;28;2025-04-22;1.55000;#lays;Courses carrefour
672;1;2;2;51;2025-04-22;1.75000;#deboucheur;Courses carrefour
673;1;2;2;87;2025-04-23;4.21000;#cantine;Cantine Thales
674;1;2;2;87;2025-04-24;27.80000;#au bureau;Bar resto avec les potes Ensimag
675;1;2;2;87;2025-04-24;4.47000;#cantine;Cantine Thales
676;1;2;2;33;2025-04-25;1.11000;#lait;Courses carrefour
677;1;2;2;33;2025-04-25;1.11000;#lait;Courses carrefour
678;1;2;2;26;2025-04-25;1.25000;#frites;Courses carrefour
679;1;2;2;21;2025-04-25;2.69000;#algérienne;Courses carrefour
680;1;2;2;21;2025-04-25;2.79000;#mayo;Courses carrefour
681;1;2;2;18;2025-04-25;2.09000;#emmental #rapé;Courses carrefour
682;1;2;2;18;2025-04-25;1.99000;#mimolette;Courses carrefour
683;1;2;2;19;2025-04-25;0.99000;#champignons;Courses carrefour
684;1;2;2;19;2025-04-25;0.99000;#champignons;Courses carrefour
685;1;2;2;23;2025-04-25;3.09000;#milka;Courses carrefour
686;1;2;2;19;2025-04-25;1.75000;#taboulé;Courses carrefour
687;1;2;2;18;2025-04-25;2.25000;#chèvre;Courses carrefour
688;1;2;2;17;2025-04-25;7.75000;#cordon-bleu;Courses carrefour
689;1;2;2;24;2025-04-25;1.15000;#burger;Courses carrefour
690;1;2;2;18;2025-04-25;1.79000;#cheddar;Courses carrefour
691;1;2;2;19;2025-04-25;0.98000;#tomates;Courses carrefour
692;1;2;2;19;2025-04-25;1.69000;#avocat;Courses carrefour
693;1;2;2;19;2025-04-25;1.69000;#avocat;Courses carrefour
694;1;2;2;20;2025-04-25;0.99000;#banane;Courses carrefour
695;1;2;2;17;2025-04-25;2.49000;#cordon-bleu;Courses carrefour
696;1;2;2;28;2025-04-25;1.99000;#chips #pesto;Courses carrefour
697;1;2;2;25;2025-04-25;2.00000;#flan;Courses carrefour
698;1;2;2;24;2025-04-25;2.49000;#pizza;Courses carrefour
699;1;2;2;24;2025-04-25;2.49000;#pizza;Courses carrefour
700;1;2;2;109;2025-04-22;2.25000;#jsp;Assurance moyen de paiement
640;1;2;2;87;2025-04-16;5.71000;#cantine;Repas cantine
701;1;2;2;34;2025-04-26;121.98000;#nike;NIke pull tech
702;1;2;2;109;2025-04-25;2.00000;#jsp;Cotisation mensuelle carte
703;1;2;2;26;2025-04-27;1.29000;#pâtes #tagliatelle;Courses Carrefour
704;1;2;2;26;2025-04-27;1.29000;#pâtes #tagliatelle;Courses Carrefour
705;1;2;2;24;2025-04-27;2.29000;#pitch;Courses Carrefour
706;1;2;2;24;2025-04-27;2.95000;#sandwhich #sdf;Courses Carrefour
707;1;2;2;18;2025-04-27;2.25000;#chèvre;Courses Carrefour
708;1;2;2;33;2025-04-27;2.39000;#crème;Courses Carrefour
709;1;2;2;87;2025-04-30;5.37000;#cantine;Cantine THALES
710;1;2;2;103;2025-04-30;24.75000;#epargne;Reste mois Avril
711;1;1;1;98;2025-05-02;1721.64000;#salaire;Salaire Avril 2025
712;1;2;1;111;2025-05-02;200.00000;#parents;Cadeau parents
713;1;2;1;77;2025-05-02;390.00000;#loyer;Loyer Mai 2025
714;2;2;3;94;2025-05-05;313.25000;#iphone;iPhone
715;1;2;1;64;2025-05-02;53.50000;#gazole;Gazole pour Flash
716;1;2;1;64;2025-05-02;4.95000;#gazole;Gazole pour Flash (dysfonctionnement)
718;1;2;1;63;2025-05-01;0.99000;#icloud;Icloud mai 2025
719;1;2;1;60;2025-05-03;13.49000;#netflix;Netflix mai 2025
720;2;1;1;84;2025-05-05;230.56000;#caf;Aide CAF
721;2;2;3;88;2025-05-05;10.00000;#crous;Recharche IZLY
722;1;2;1;69;2025-05-02;12.10000;#autoroute;Autoroute direction Valserhône
723;2;2;3;44;2025-05-06;48.74000;#rasoir;Rasoir Philips pour papa
724;2;2;3;89;2025-05-07;35.30000;#finn;Bar OGPLAY
725;2;2;2;33;2025-05-05;1.85000;#chantilly;Courses carrefour famille
726;2;2;2;50;2025-05-05;1.35000;#liquide vaiselle;Courses carrefour famille
727;2;2;2;33;2025-05-05;1.69000;#glace;Courses carrefour famille
728;2;2;2;18;2025-05-05;1.99000;#maasdam;Courses carrefour famille
729;2;2;2;18;2025-05-05;1.75000;#cheddar;Courses carrefour famille
730;2;2;2;24;2025-05-05;1.69000;#pain de mie;Courses carrefour famille
731;2;2;2;28;2025-05-05;1.49000;#lays;Courses carrefour famille
732;2;2;2;23;2025-05-05;3.09000;#nutella biscuits;Courses carrefour famille
717;2;2;1;66;2025-05-05;71.07000;#assurance;Assurance Flash
733;2;2;2;31;2025-05-09;2.59000;#orange;Courses carrefour famille
735;2;2;2;23;2025-05-09;4.49000;#mentos;Courses carrefour famille
736;2;2;2;18;2025-05-09;1.79000;#mozza;Courses carrefour famille
737;2;2;2;29;2025-05-09;0.68000;#perrier;Courses carrefour famille
738;2;2;2;29;2025-05-09;0.68000;#perrier;Courses carrefour famille
739;2;2;2;33;2025-05-09;3.25000;#beurre;Courses carrefour famille
740;2;2;2;21;2025-05-09;2.59000;#mayo;Courses carrefour famille
741;2;2;2;28;2025-05-09;1.89000;#jsp;Courses carrefour famille
742;2;2;2;28;2025-05-09;1.89000;#jsp;Courses carrefour famille
734;2;2;2;33;2025-05-09;1.65000;#yaourt;Courses carrefour famille
744;2;2;2;42;2025-05-09;2.69000;#dop pomme;Courses carrefour famille
745;2;2;2;17;2025-05-09;1.65000;#oeufs;Courses carrefour famille
746;2;2;2;42;2025-05-09;3.69000;#garnier;Courses carrefour famille
747;2;2;2;23;2025-05-09;0.84000;#tartelette;Courses carrefour famille
748;2;2;2;33;2025-05-09;6.42000;#lait;Courses carrefour famille
749;2;2;2;22;2025-05-09;3.19000;#capsule #nespresso;Courses carrefour famille
750;2;2;2;22;2025-05-09;3.39000;#capsule #nespresso;Courses carrefour famille
751;2;2;2;22;2025-05-09;3.49000;#capsule #nespresso;Courses carrefour famille
752;2;2;2;115;2025-05-09;30.59000;#action;Courses action (parcorde, pompe etc.)
753;2;2;2;44;2025-05-09;22.98000;#lunettes;Lunettes de soleil pour maman
754;2;2;1;60;2025-05-09;18.21000;#spotify;Spotify mai 2025
755;2;2;1;69;2025-05-11;12.10000;#autoroute;Trajet direction SMH
756;1;2;2;88;2025-05-12;4.10000;#cantine;Cantine Thales
757;1;2;2;88;2025-05-12;40.00000;#cantine;Cantine Thales
758;1;2;1;110;2025-05-12;10.00000;#croix-rouge;Cantine Thales
760;1;2;2;25;2025-05-14;2.39000;#yaourts;Courses carrefour
761;1;2;2;50;2025-05-14;1.35000;#liquide;Courses carrefour
762;1;2;2;24;2025-05-14;2.89000;#tortilla;Courses carrefour
763;1;2;2;33;2025-05-14;1.89000;#beurre;Courses carrefour
764;1;2;2;17;2025-05-14;2.25000;#jambon;Courses carrefour
765;1;2;2;19;2025-05-14;0.99000;#tomates cerise;Courses carrefour
766;1;2;2;24;2025-05-14;3.05000;#pitch;Courses carrefour
767;1;2;2;52;2025-05-14;2.79000;#sopalin;Courses carrefour
768;1;2;1;66;2025-05-12;53.62000;#simba;Assurance Simba LCL
769;1;2;2;87;2025-05-16;12.50000;#mario;Burger Mario audrey et steph
771;1;2;2;25;2025-05-17;2.39000;#yaourts;Courses carrefour
772;1;2;2;26;2025-05-17;0.80000;#pates;Courses carrefour
773;1;2;2;26;2025-05-17;0.80000;#pates;Courses carrefour
774;1;2;2;19;2025-05-17;1.89000;#petit-pois #carottes;Courses carrefour
775;1;2;2;19;2025-05-17;1.89000;#petit-pois #carottes;Courses carrefour
776;1;2;2;19;2025-05-17;1.45000;#haricots #rouge;Courses carrefour
777;1;2;2;21;2025-05-17;2.29000;#samourai;Courses carrefour
778;1;2;2;19;2025-05-17;2.29000;#steak vege;Courses carrefour
779;1;2;2;51;2025-05-17;2.09000;#javel;Courses carrefour
780;1;2;2;19;2025-05-17;1.75000;#taboule;Courses carrefour
781;1;2;2;19;2025-05-17;0.99000;#tomates #cerises;Courses carrefour
782;1;2;2;19;2025-05-17;1.75000;#taboule;Courses carrefour
783;1;2;2;17;2025-05-17;2.25000;#jambon;Courses carrefour
784;1;2;2;18;2025-05-17;2.05000;#maasdaam;Courses carrefour
785;1;2;2;18;2025-05-17;2.09000;#emmental;Courses carrefour
786;1;2;2;24;2025-05-17;2.75000;#pizza;Courses carrefour
787;1;2;2;24;2025-05-17;2.75000;#pizza;Courses carrefour
788;1;2;2;28;2025-05-17;1.99000;#chips #pesto;Courses carrefour
789;1;2;2;17;2025-05-17;1.95000;#saucisse;Courses carrefour
790;1;2;2;20;2025-05-17;0.99000;#banane;Courses carrefour
791;1;2;1;109;2025-05-19;2.25000;#jsp;Assurance moyen de paiement
792;1;2;1;97;2025-05-20;129.43000;#emprunt;Emprunt
793;1;2;2;103;2025-05-22;50.00000;#revolut;Revolut pathé
794;1;2;2;96;2025-05-23;17.00000;#dom;Dominique Perea pour le compresseur
770;1;2;2;64;2025-05-16;19.99000;#gazole;Gazole pour Flash
795;1;2;2;26;2025-05-24;0.89000;#pâtes;Courses carrefour fin mai
796;1;2;2;26;2025-05-24;0.89000;#pâtes;Courses carrefour fin mai
797;1;2;2;23;2025-05-24;2.75000;#lion  #céréales;Courses carrefour fin mai
798;1;2;2;33;2025-05-24;1.11000;#lait;Courses carrefour fin mai
799;1;2;2;33;2025-05-24;1.11000;#lait;Courses carrefour fin mai
800;1;2;2;25;2025-05-24;1.09000;#liegeois;Courses carrefour fin mai
801;1;2;2;24;2025-05-24;0.99000;#hamburger;Courses carrefour fin mai
802;1;2;2;19;2025-05-24;0.73000;#tomates;Courses carrefour fin mai
803;1;2;2;17;2025-05-24;9.25000;#filets;Courses carrefour fin mai
804;1;2;2;19;2025-05-24;1.75000;#taboulé;Courses carrefour fin mai
805;1;2;2;19;2025-05-24;2.29000;#steak #végé;Courses carrefour fin mai
806;1;2;2;18;2025-05-24;2.09000;#emmental;Courses carrefour fin mai
807;1;2;2;18;2025-05-24;1.99000;#mimolette;Courses carrefour fin mai
808;1;2;2;27;2025-05-24;2.95000;#paprika;Courses carrefour fin mai
809;1;2;2;19;2025-05-24;1.49000;#mache;Courses carrefour fin mai
810;1;2;2;19;2025-05-24;0.99000;#onions;Courses carrefour fin mai
811;1;2;2;21;2025-05-24;2.69000;#algerienne;Courses carrefour fin mai
812;1;2;2;21;2025-05-24;2.79000;#mayo;Courses carrefour fin mai
813;1;2;2;19;2025-05-24;0.99000;#tomates #ceries;Courses carrefour fin mai
814;1;2;2;21;2025-05-24;1.39000;#soja #sucree;Courses carrefour fin mai
815;1;2;2;24;2025-05-24;3.05000;#pitch;Courses carrefour fin mai
816;1;2;2;27;2025-05-24;1.99000;#gimgembre;Courses carrefour fin mai
817;1;2;2;28;2025-05-24;1.79000;#lays #spicy;Courses carrefour fin mai
818;1;2;2;24;2025-05-24;2.75000;#pizza;Courses carrefour fin mai
819;1;2;2;24;2025-05-24;2.75000;#pizza;Courses carrefour fin mai
820;1;2;1;109;2025-05-26;2.00000;#jsp;Cotisation mensuelle LCL
821;1;2;2;64;2025-05-27;29.04000;#essence;Essence Twingo location
822;1;2;3;90;2025-05-27;20.00000;#colosseo;Get Your guide pour Colosseo
823;1;1;3;102;2025-05-28;300.00000;#chamonix;Entrée pour gérer Chamonix
824;1;2;2;64;2025-05-28;40.24000;#gazole;Gazole pour Flash
825;1;2;2;111;2025-05-28;10.00000;#peluche #spiderman;Cadeau pour Diyan kutty
826;1;2;2;111;2025-05-28;10.00000;#maillot #bain;Cadeau pour Diyan kutty
827;1;2;2;111;2025-05-28;5.00000;#t-shirt;Cadeau pour Diyan kutty
828;1;2;2;111;2025-05-28;0.24000;#sac;Cadeau pour Diyan kutty
829;1;2;3;29;2025-05-28;4.78000;#coca #x2;Courses carrefour pour Chamonix, les Houches
830;1;2;3;33;2025-05-28;1.30000;#lait #entier;Courses carrefour pour Chamonix, les Houches
831;1;2;3;29;2025-05-28;3.98000;#coca #mini;Courses carrefour pour Chamonix, les Houches
832;1;2;3;30;2025-05-28;31.90000;#Jack;Courses carrefour pour Chamonix, les Houches
833;1;2;3;31;2025-05-28;2.65000;#orange;Courses carrefour pour Chamonix, les Houches
834;1;2;3;31;2025-05-28;1.09000;#pomme;Courses carrefour pour Chamonix, les Houches
835;1;2;3;31;2025-05-28;3.19000;#briques #diyan;Courses carrefour pour Chamonix, les Houches
836;1;2;3;23;2025-05-28;3.55000;#kinder maxi;Courses carrefour pour Chamonix, les Houches
837;1;2;3;23;2025-05-28;2.89000;#brioche;Courses carrefour pour Chamonix, les Houches
838;1;2;3;17;2025-05-28;3.15000;#oeufs;Courses carrefour pour Chamonix, les Houches
839;1;2;3;23;2025-05-28;1.55000;#biscuits;Courses carrefour pour Chamonix, les Houches
840;1;2;3;20;2025-05-28;1.49000;#citron;Courses carrefour pour Chamonix, les Houches
841;1;2;3;23;2025-05-28;2.09000;#croissants;Courses carrefour pour Chamonix, les Houches
842;1;2;3;28;2025-05-28;1.94000;#lays;Courses carrefour pour Chamonix, les Houches
843;1;2;3;28;2025-05-28;1.94000;#lays;Courses carrefour pour Chamonix, les Houches
844;1;2;3;29;2025-05-28;4.08000;#perrier;Courses carrefour pour Chamonix, les Houches
845;1;2;3;33;2025-05-28;3.24000;#mont-roucous #diyan;Courses carrefour pour Chamonix, les Houches
846;1;2;3;111;2025-05-29;49.57000;#cadeau;Maillot de bain et bouet pour Diyan, tonton et akka
847;1;2;3;87;2025-05-29;16.00000;#BK;Burger King avant Chamonix
848;1;2;3;87;2025-05-31;16.00000;#glaces;Glaces Chamonix
849;1;2;3;87;2025-05-31;3.50000;#glaces;Glaces Chamonix pour akka
850;1;2;3;111;2025-05-31;9.90000;#cadeau;Ventilateur pour Diyan jouet
851;1;2;3;69;2025-06-01;11.40000;#autoroute;Autoroute Chamonix - Valserhône
852;2;2;2;88;2025-06-02;20.00000;#cantine;Cantine Crous
885;2;2;2;87;2025-06-03;24.40000;#potes;Restaurant Au bureau fin d'année
886;2;2;1;60;2025-06-03;14.99000;#netflix;Netflix (prix en hausse)
887;2;2;2;87;2025-06-03;3.50000;#potes;Glaciers des Alpes après Au Bureau
888;2;1;1;98;2025-06-02;2504.28000;#salaire;Salaire avec 13ème mois
889;2;2;2;102;2025-06-02;801.99000;#epargne;Epargne 13ème mois
890;2;2;2;111;2025-06-02;200.00000;#cado;Cadeau maman et papa
891;2;2;2;77;2025-06-02;390.00000;#loyer;Loyer Juin 2025
892;2;2;1;63;2025-06-02;0.99000;#apple;ICloud
893;2;2;1;66;2025-06-05;71.07000;#macif;Assurance Flash
894;2;1;1;84;2025-06-05;230.56000;#APL;Aides CAF
895;2;2;3;90;2025-06-06;100.00000;#cheques;CSE chèques vacances
896;2;2;2;87;2025-06-06;17.50000;#potes;Subway fin d'année
897;2;2;2;91;2025-06-06;13.80000;#tabac;Loto
898;2;2;2;93;2025-06-07;7.30000;#boulan;Anniv
899;2;2;2;112;2025-06-07;81.90000;#alexis;Cadeau Azzaro pour le frérot
900;2;2;2;64;2025-06-07;60.10000;#gazole;Gazole pour Flash
901;2;2;2;114;2025-06-07;1.51000;#netto;Isothermes pour Alexis
902;2;2;2;87;2025-06-07;1.50000;#cafe;McCafe pour papa
903;2;2;2;17;2025-06-08;26.08000;#filets;Filets de poulet
904;2;2;2;17;2025-06-09;12.10000;#autoroute;Trajet direction SMH
905;2;2;2;60;2025-06-09;18.21000;#spotify;Spotify Juin 2025
906;2;2;2;17;2025-06-08;19.77000;#complique;Lidl avec fleurs et tt
907;2;2;2;28;2025-06-07;1.59000;#chips;COurses anniv après Thoiry
908;2;2;2;28;2025-06-07;1.79000;#chips;COurses anniv après Thoiry
909;2;2;2;28;2025-06-07;0.74000;#chips;COurses anniv après Thoiry
910;2;2;2;29;2025-06-07;2.99000;#champomy;COurses anniv après Thoiry
911;2;2;2;23;2025-06-07;12.90000;#gateau;COurses anniv après Thoiry
912;2;2;2;17;2025-06-09;3.51000;#pilons;Courses Lavage chukkie
913;2;2;2;33;2025-06-09;1.14000;#cristaline;Courses Lavage chukkie
914;2;2;2;33;2025-06-09;6.66000;#lait;Courses Lavage chukkie
915;2;2;3;94;2025-06-03;312.38000;#iphone;Dernier prélèvement Iphone
916;2;2;2;69;2025-06-09;12.10000;#autoroute;Trajet direction SMH
917;2;2;2;110;2025-06-10;10.00000;#croix-rouge;CR
918;2;2;2;66;2025-06-11;53.62000;Simba;Assurance Simba LCL
919;1;2;3;102;2025-06-11;200.00000;#rome;Espèces pour Rome
920;1;2;2;93;2025-06-10;14.50000;#croustine;Boulangerie anniv pour collègues
921;1;1;3;102;2025-06-11;300.00000;#rome;Compensation pour retrait Rome
922;1;2;3;103;2025-06-11;200.00000;#rome;Virement vers Revolut pour paiement à Rome
923;1;2;2;47;2025-06-11;19.00000;#rome;Coiffure pour Rome
924;1;2;2;90;2025-06-12;10.96000;#rome;Ventilateur et serviettes pour Rome
925;1;2;2;87;2025-06-12;13.55000;#rome;McDo avant Rome
926;1;2;2;88;2025-06-12;40.00000;#cantine;Recharge Cantine
927;1;2;2;87;2025-06-14;5.00000;#gelatto;Glaces à Rome
928;1;2;2;109;2025-06-19;2.25000;#jsp;Assurance moyen de paiement
929;1;2;2;17;2025-06-17;21.31000;#bbq;BBQ chez Martha
930;1;2;1;97;2025-06-20;129.43000;#lcl;Emprunt
931;1;2;2;64;2025-06-20;64.03000;#gazole;Gazole pour Flash
932;1;2;2;17;2025-06-17;3.99000;#yaourts;Courses carrefour après Rome
933;1;2;2;26;2025-06-17;1.35000;#potatoes;Courses carrefour après Rome
934;1;2;2;19;2025-06-17;1.99000;#petits pois;Courses carrefour après Rome
935;1;2;2;19;2025-06-17;1.55000;#epinard;Courses carrefour après Rome
936;1;2;2;23;2025-06-17;1.19000;#confiture;Courses carrefour après Rome
937;1;2;2;17;2025-06-17;10.31000;#filets;Courses carrefour après Rome
938;1;2;2;44;2025-06-17;4.89000;#garnier #pure;Courses carrefour après Rome
939;1;2;2;19;2025-06-17;0.99000;#tomates #cerises;Courses carrefour après Rome
940;1;2;2;18;2025-06-17;2.09000;#emmental;Courses carrefour après Rome
941;1;2;2;20;2025-06-17;3.79000;#fraises;Courses carrefour après Rome
942;1;2;2;19;2025-06-17;2.29000;#pané #végé;Courses carrefour après Rome
943;1;2;2;21;2025-06-17;2.29000;#algé;Courses carrefour après Rome
944;1;2;2;17;2025-06-17;1.95000;#saucisses;Courses carrefour après Rome
945;1;2;2;19;2025-06-17;1.49000;#mache;Courses carrefour après Rome
946;1;2;2;23;2025-06-17;2.45000;#brioches;Courses carrefour après Rome
947;1;2;2;24;2025-06-17;1.85000;#pain mie;Courses carrefour après Rome
948;1;2;2;20;2025-06-17;0.99000;#banane;Courses carrefour après Rome
949;1;2;2;18;2025-06-17;1.19000;#cheddar;Courses carrefour après Rome
950;1;2;2;18;2025-06-17;1.19000;#cheddar;Courses carrefour après Rome
951;1;2;2;18;2025-06-17;1.20000;#cheddar;Courses carrefour après Rome
952;1;2;2;24;2025-06-17;2.49000;#pizza;Courses carrefour après Rome
953;1;2;2;109;2025-06-21;8.20000;#equilibre;Equilibre entre Mai et Juin
954;1;2;2;33;2025-06-21;1.73000;#lait;Courses Intermarché
955;1;2;2;33;2025-06-21;1.73000;#lait;Courses Intermarché
956;1;2;2;17;2025-06-21;2.39000;#jambon;Courses Intermarché
957;1;2;2;19;2025-06-21;1.16000;#mais;Courses Intermarché
958;1;2;2;21;2025-06-21;1.60000;#mayo;Courses Intermarché
959;1;2;2;31;2025-06-21;2.71000;#danao;Courses Intermarché
960;1;2;2;19;2025-06-21;1.31000;#tomates;Courses Intermarché
961;1;2;2;109;2025-06-21;1.99000;#pulverisateur;Courses Intermarché
962;1;2;2;108;2025-06-21;4.75000;#pansement;Courses Intermarché
963;1;2;2;22;2025-06-21;3.41000;#l'or café;Courses Intermarché
964;1;2;2;22;2025-06-21;3.39000;#l'or café;Courses Intermarché
965;1;2;2;18;2025-06-21;2.01000;#emmental;Courses Intermarché
966;1;2;2;68;2025-06-21;8.99000;#lave glace;Courses Intermarché
967;1;2;2;33;2025-06-21;3.49000;#eau;Courses Intermarché
968;1;2;2;21;2025-06-23;4.78000;#sauces;Super U Voreppe : Soja et Samourai
969;1;2;2;88;2025-06-26;4.89000;#cantine;Cantine Thales
970;1;2;2;69;2025-06-26;12.10000;#autoroute;Trajet direction Valserhône
971;1;2;1;109;2025-06-25;2.00000;#banque;Cotisation mensuelle
972;1;2;3;117;2025-06-27;250.00000;#parfum;Commande Parfum CSE
975;1;2;2;111;2025-06-27;50.00000;#famille;Courses famille pour maman
976;1;1;3;102;2025-06-28;400.00000;#parfum;Compensation commande parfum
977;1;2;2;93;2025-06-30;10.90000;#marie blachère;Boulangerie pour le travail de maman
973;1;2;2;115;2025-06-27;8.78000;#gifi;Courses GIFI
974;1;2;2;108;2025-06-27;3.59000;#yeux;Gouttes THEALOSE pour yeux
978;1;2;2;19;2025-06-30;12.05000;#healthy;Course Provences Halles maman (patèques, radis etc.)
979;1;2;2;24;2025-06-30;2.20000;#pain;Pain doré Marie blachère
980;1;1;1;98;2025-08-01;1721.64000;#salaire;Salaire Juillet 2025
981;1;2;1;111;2025-08-03;200.00000;#famille;Cadeau maman et papa
982;1;2;1;77;2025-08-03;390.00000;#loyer;Loyer Août 2025
983;1;2;1;102;2025-08-03;12.23000;#revolut;Reste Juillet 2025
984;1;2;1;63;2025-08-04;0.99000;#apple;Icloud
985;1;2;1;60;2025-08-04;14.99000;3netflix;Netflix
986;1;2;2;76;2025-08-03;2.20000;#famille;Sortie Chamonix parc de jeu
987;1;2;2;111;2025-08-05;106.50000;#malte;Virement Thiwya pour Rams et Ranj Malte
988;1;2;2;103;2025-08-05;93.50000;#epargne;Epargne sur Revolut
989;1;2;2;68;2025-08-04;13.99000;#amazon;Pommeau de vitesse Simba
990;1;2;2;111;2025-08-04;13.99000;#amazon;Coque Tonton Naveen
991;1;2;2;111;2025-08-04;12.93000;#action;Jouet pour Diyan kutty
992;1;1;1;84;2025-08-05;259.30000;#caf;Aide CAF
993;1;2;2;111;2025-08-03;9.00000;#famille;Glaces Chamonix
994;1;2;2;69;2025-08-03;14.20000;#autoroute;Autoroute pour Chamonix
995;1;2;1;66;2025-08-05;78.82000;#flash;Assurance Macif
996;1;2;2;111;2025-08-04;14.50000;#famille;Petit déjeune pour la famille
997;1;2;2;111;2025-08-02;67.82000;#famille;Courses pour tonton et akka
998;1;2;2;111;2025-08-05;14.50000;#famille;Petit déjeuner Montreux
999;1;2;2;69;2025-08-05;4.40000;#montreux;Autoroute FR CH
1000;1;2;2;64;2025-08-05;59.95000;#montreux;Carburant pour Montreux
1001;1;2;2;111;2025-08-04;47.88000;#famille;Cadeau pour la famille
1002;1;2;2;111;2025-08-04;42.00000;#famille;Valseo
1003;1;2;2;111;2025-08-04;2.99000;#famille;Epices Couscous
1004;1;2;2;111;2025-08-05;19.29000;#famille;Gateau Chantal akka
1005;1;2;2;111;2025-08-06;80.00000;#famille;Périclès pour Papa
1006;1;2;2;111;2025-08-08;20.00000;#famille;Piscine Semine
1007;1;2;2;66;2025-08-11;53.62000;#Simba;Assurance LCL
1008;1;2;2;110;2025-08-11;10.00000;#don;Croix Rouge Française
1009;1;2;2;60;2025-08-09;21.24000;#spotify;Abonnement Spotify
1010;1;2;2;69;2025-08-10;12.10000;#autroute;Trajet direction SMH
1011;1;2;2;88;2025-08-11;40.00000;#elior;Recharge Cantine Thales Elior
1013;1;2;2;68;2025-08-16;13.99000;#huile #moteur #chukkie;Courses Krishna Jayanthi pour maman
1014;1;2;2;19;2025-08-16;0.99000;#champignons;Courses Krishna Jayanthi pour maman
1015;1;2;2;19;2025-08-16;0.99000;#champignons;Courses Krishna Jayanthi pour maman
1016;1;2;2;29;2025-08-16;1.95000;#coca;Courses Krishna Jayanthi pour maman
1017;1;2;2;29;2025-08-16;1.95000;#coca;Courses Krishna Jayanthi pour maman
1012;1;2;2;33;2025-08-16;1.65000;#yaourts;Courses Krishna Jayanthi pour maman
1018;1;2;2;111;2025-08-16;35.00000;#famille;Piscine Avika et Vijith
1019;1;2;2;86;2025-08-17;19.00000;#coolie;Snack for Coolie
1020;1;2;2;69;2025-08-17;11.00000;#autoroute;Trajet direction SMH
1021;1;2;2;51;2025-08-18;1.69000;#debouche;Courses Carrefour
1022;1;2;2;51;2025-08-18;1.69000;#debouche;Courses Carrefour
1024;1;2;2;17;2025-08-18;1.65000;#jambon;Courses Carrefour
1025;1;2;2;19;2025-08-18;0.99000;#tomates #cerises;Courses Carrefour
1026;1;2;2;19;2025-08-18;1.75000;#taboulé;Courses Carrefour
1023;1;2;2;31;2025-08-18;3.25000;#pulco;Courses Carrefour
1027;1;2;1;97;2025-08-20;129.43000;#lcl;Emprunt
1028;1;2;1;64;2025-08-22;64.08000;#gazole;Gazole Flash
1029;1;2;1;88;2025-08-22;30.00000;#elior;Cantine Thales Elior
1030;1;2;1;93;2025-08-22;5.75000;#ptit-dej;Petit déjeuner
1031;1;2;2;103;2025-08-31;19.81000;#epargne;Epargne reste Août
1032;2;1;1;98;2025-09-01;2389.01000;#salaire;Dernier salaire contrat Tetras
1033;2;2;1;102;2025-09-01;400.00000;#epargne;Epargne début de mois
1034;2;2;1;111;2025-09-01;200.00000;#papa #maman;Cadeau papa et maman
1035;2;2;1;77;2025-09-01;390.00000;#loyer;Loyer Septembre 2025
1036;2;2;3;103;2025-09-01;200.00000;#etherum;Pour investir sur Etherum
1037;2;1;2;98;2025-09-03;4.00000;#business;BlaBla car
1038;2;2;1;63;2025-09-01;0.99000;#icloud;Apple ICloud
1039;2;2;1;60;2025-09-03;14.99000;#netflix;Netflix
1040;2;2;2;31;2025-09-03;7.41000;#pulco;Courses Hyper U Thoiry : Pulco etc.
1041;2;2;2;89;2025-09-04;4.00000;#coca;Sortie le Bowl avec IAE
1042;2;2;2;89;2025-09-04;10.00000;#partie1;Sortie le Bowl avec IAE
1043;2;2;2;89;2025-09-04;10.00000;#partie2;Sortie le Bowl avec IAE
1044;2;2;2;89;2025-09-04;3.50000;#demi #moi;Sortie Colloc Pub
1045;2;2;2;89;2025-09-04;7.00000;#demi #moi #arthur;Sortie Colloc Pub
1046;2;2;1;66;2025-09-05;78.82000;#flash;Assurance Macif pour Flash
1047;2;1;1;84;2025-09-05;259.30000;#caf;Aide APL + Prime d'activité
